user_id,movie_id,score
1,114,5.3716917
1,408,5.3288155
1,12,5.286149
1,168,5.2238293
1,169,5.2142267
10,318,5.1313977
10,483,5.035756
10,114,4.9918804
10,127,4.989533
10,134,4.9846
100,316,4.454595
100,114,4.4152794
100,169,4.3570924
100,174,4.319726
100,272,4.315891
